{
    "id": 1582101532976,
    "scene_width": 64000,
    "scene_height": 64000,
    "nodes": [
        {
            "id": 1582231051232,
            "title": "PCA",
            "pos_x": -2649.9176473617536,
            "pos_y": -841.6140279769894,
            "inputs": [
                {
                    "id": 1582226271296,
                    "index": 0,
                    "multi_edges": false,
                    "position": 2,
                    "socket_type": 0
                }
            ],
            "outputs": [
                {
                    "id": 1582230766544,
                    "index": 0,
                    "multi_edges": true,
                    "position": 6,
                    "socket_type": 1
                }
            ],
            "content": {
                "value": 2
            },
            "op_code": 1
        },
        {
            "id": 1582226271536,
            "title": "KPCA",
            "pos_x": -2671.5625000000005,
            "pos_y": -1014.6875000000001,
            "inputs": [
                {
                    "id": 1582227963088,
                    "index": 0,
                    "multi_edges": false,
                    "position": 2,
                    "socket_type": 0
                }
            ],
            "outputs": [
                {
                    "id": 1581806200816,
                    "index": 0,
                    "multi_edges": true,
                    "position": 6,
                    "socket_type": 1
                }
            ],
            "content": {
                "value": 2
            },
            "op_code": 6
        },
        {
            "id": 1582231504928,
            "title": "Scatter Plot",
            "pos_x": -2351.5625000000005,
            "pos_y": -995.6875000000001,
            "inputs": [
                {
                    "id": 1582231773632,
                    "index": 0,
                    "multi_edges": false,
                    "position": 2,
                    "socket_type": 2
                }
            ],
            "outputs": [],
            "content": {},
            "op_code": 12
        },
        {
            "id": 1582231776992,
            "title": "Scatter Plot",
            "pos_x": -2322.5625000000005,
            "pos_y": -815.6875000000001,
            "inputs": [
                {
                    "id": 1582231775792,
                    "index": 0,
                    "multi_edges": false,
                    "position": 2,
                    "socket_type": 2
                }
            ],
            "outputs": [],
            "content": {},
            "op_code": 12
        },
        {
            "id": 1582231774304,
            "title": "Datos Artificiales",
            "pos_x": -2871.5625000000005,
            "pos_y": -912.6875000000001,
            "inputs": [],
            "outputs": [
                {
                    "id": 1582231774544,
                    "index": 0,
                    "multi_edges": true,
                    "position": 6,
                    "socket_type": 0
                }
            ],
            "content": {},
            "op_code": 9
        },
        {
            "id": 1582230391392,
            "title": "RNX",
            "pos_x": -2121.5625000000005,
            "pos_y": -924.6875000000001,
            "inputs": [
                {
                    "id": 1582229490704,
                    "index": 0,
                    "multi_edges": true,
                    "position": 2,
                    "socket_type": 1
                },
                {
                    "id": 1582229490224,
                    "index": 1,
                    "multi_edges": false,
                    "position": 2,
                    "socket_type": 0
                }
            ],
            "outputs": [
                {
                    "id": 1582236066528,
                    "index": 0,
                    "multi_edges": true,
                    "position": 6,
                    "socket_type": 2
                }
            ],
            "content": {},
            "op_code": 7
        },
        {
            "id": 1582236158272,
            "title": "Line Chart",
            "pos_x": -1882.8124999999995,
            "pos_y": -900.6249999999999,
            "inputs": [
                {
                    "id": 1582236159376,
                    "index": 0,
                    "multi_edges": false,
                    "position": 2,
                    "socket_type": 2
                }
            ],
            "outputs": [],
            "content": {},
            "op_code": 13
        },
        {
            "id": 1582239155872,
            "title": "Datos Artificiales",
            "pos_x": -2949.140624999999,
            "pos_y": -718.1249999999998,
            "inputs": [],
            "outputs": [
                {
                    "id": 1582239155776,
                    "index": 0,
                    "multi_edges": true,
                    "position": 6,
                    "socket_type": 0
                }
            ],
            "content": {},
            "op_code": 9
        },
        {
            "id": 1582230915296,
            "title": "KPCA",
            "pos_x": -2592.890624999999,
            "pos_y": -764.3749999999998,
            "inputs": [
                {
                    "id": 1582239574000,
                    "index": 0,
                    "multi_edges": false,
                    "position": 2,
                    "socket_type": 0
                }
            ],
            "outputs": [
                {
                    "id": 1582239573952,
                    "index": 0,
                    "multi_edges": true,
                    "position": 6,
                    "socket_type": 1
                }
            ],
            "content": {
                "value": 2
            },
            "op_code": 6
        },
        {
            "id": 1582239154768,
            "title": "Scatter Plot",
            "pos_x": -2247.890624999999,
            "pos_y": -730.6249999999998,
            "inputs": [
                {
                    "id": 1582239155056,
                    "index": 0,
                    "multi_edges": false,
                    "position": 2,
                    "socket_type": 2
                }
            ],
            "outputs": [],
            "content": {},
            "op_code": 12
        },
        {
            "id": 1582231734928,
            "title": "PCA",
            "pos_x": -2599.140624999999,
            "pos_y": -559.3749999999998,
            "inputs": [
                {
                    "id": 1582231734640,
                    "index": 0,
                    "multi_edges": false,
                    "position": 2,
                    "socket_type": 0
                }
            ],
            "outputs": [
                {
                    "id": 1582231734688,
                    "index": 0,
                    "multi_edges": true,
                    "position": 6,
                    "socket_type": 1
                }
            ],
            "content": {
                "value": 2
            },
            "op_code": 1
        },
        {
            "id": 1582240603056,
            "title": "Scatter Plot",
            "pos_x": -2305.390624999999,
            "pos_y": -556.8749999999998,
            "inputs": [
                {
                    "id": 1582237328624,
                    "index": 0,
                    "multi_edges": false,
                    "position": 2,
                    "socket_type": 2
                }
            ],
            "outputs": [],
            "content": {},
            "op_code": 12
        },
        {
            "id": 1582225618880,
            "title": "Tabla de datos",
            "pos_x": -2124.140624999999,
            "pos_y": -880.6249999999998,